{
  "a": 1.6969417632309047,
  "b": 1.7588681334963354,
  "c": 211.993174651371,
  "d": -68.2706132716984,
  "e": 483.6521562272201,
  "g_px": 3.3938835264618095
}