{
  "axis": [
    0.865378040150931,
    0.5011195941335099
  ],
  "s: a,b,c": [
    16.753734431295566,
    106.48829686244456,
    -207.38425946169454
  ]
}