{
  "x: d,e": [
    -0.29427501337607287,
    311.91428571428565
  ],
  "y: a,b,c": [
    -65.31692944736417,
    321.6603746630614,
    -56.93004901700549
  ]
}