{
  "x: d,e": [
    111.11769628623563,
    56.5704789038122
  ],
  "y: a,b,c": [
    -51.59806811003679,
    276.14350909905374,
    -31.16926262143643
  ]
}